﻿GRANDES REGIÕES;UNIDADES DA FEDERAÇÃO;VENDAS DE GÁS NATURAL PELOS PRODUTORES E IMPORTADORES;ANO
Região Norte;Amazonas1;897;2012
Região Norte;Amazonas1;1120,3605;2013
Região Norte;Amazonas1;1252,730313;2014
Região Norte;Amazonas1;1363,227368;2015
Região Norte;Amazonas1;1735,947402;2016
Região Norte;Amazonas1;1765,019133;2017
Região Norte;Amazonas1;1827,134947;2018
Região Norte;Amazonas1;2338,89989;2019
Região Norte;Amazonas1;1746,993074;2020
Região Norte;Amazonas1;2118,707156;2021
Região Nordeste;Maranhão;0;2012
Região Nordeste;Maranhão;1403,155;2013
Região Nordeste;Maranhão;1604,649;2014
Região Nordeste;Maranhão;1554,036225;2015
Região Nordeste;Maranhão;1714,678714;2016
Região Nordeste;Maranhão;1607,08;2017
Região Nordeste;Maranhão;1402,324429;2018
Região Nordeste;Maranhão;1380,514541;2019
Região Nordeste;Maranhão;1342,263624;2020
Região Nordeste;Maranhão;2127,415116;2021
Região Nordeste;Ceará1;601;2012
Região Nordeste;Ceará1;1057,406957;2013
Região Nordeste;Ceará1;1232,56655;2014
Região Nordeste;Ceará1;1168,64852;2015
Região Nordeste;Ceará1;497,925725;2016
Região Nordeste;Ceará1;579,90226;2017
Região Nordeste;Ceará1;345,661638;2018
Região Nordeste;Ceará1;482,341999;2019
Região Nordeste;Ceará1;180,234489;2020
Região Nordeste;Ceará1;259,069449;2021
Região Nordeste;Rio Grande do Norte1;589;2012
Região Nordeste;Rio Grande do Norte1;590,819809;2013
Região Nordeste;Rio Grande do Norte1;145,863625;2014
Região Nordeste;Rio Grande do Norte1;118,279423;2015
Região Nordeste;Rio Grande do Norte1;723,16148;2016
Região Nordeste;Rio Grande do Norte1;651,748345;2017
Região Nordeste;Rio Grande do Norte1;543,423933;2018
Região Nordeste;Rio Grande do Norte1;502,51533;2019
Região Nordeste;Rio Grande do Norte1;417,169219;2020
Região Nordeste;Rio Grande do Norte1;412,528623;2021
Região Nordeste;Paraíba;130;2012
Região Nordeste;Paraíba;125,545373;2013
Região Nordeste;Paraíba;121,955752;2014
Região Nordeste;Paraíba;110,186075;2015
Região Nordeste;Paraíba;98,428296;2016
Região Nordeste;Paraíba;95,248825;2017
Região Nordeste;Paraíba;94,723658;2018
Região Nordeste;Paraíba;85,253859;2019
Região Nordeste;Paraíba;65,872452;2020
Região Nordeste;Paraíba;79,149803;2021
Região Nordeste;Pernambuco1;885;2012
Região Nordeste;Pernambuco1;1066,332708;2013
Região Nordeste;Pernambuco1;1167,609911;2014
Região Nordeste;Pernambuco1;1044,264078;2015
Região Nordeste;Pernambuco1;1191,1445;2016
Região Nordeste;Pernambuco1;1197,118421;2017
Região Nordeste;Pernambuco1;1157,67922;2018
Região Nordeste;Pernambuco1;1165,944312;2019
Região Nordeste;Pernambuco1;970,008033;2020
Região Nordeste;Pernambuco1;1179,594171;2021
Região Nordeste;Alagoas;197;2012
Região Nordeste;Alagoas;213,765864;2013
Região Nordeste;Alagoas;222,428667;2014
Região Nordeste;Alagoas;221,527296;2015
Região Nordeste;Alagoas;227,068867;2016
Região Nordeste;Alagoas;227,221148;2017
Região Nordeste;Alagoas;226,507862;2018
Região Nordeste;Alagoas;198,3604;2019
Região Nordeste;Alagoas;169,694128;2020
Região Nordeste;Alagoas;213,271256;2021
Região Nordeste;Sergipe1,2;526;2012
Região Nordeste;Sergipe1,2;565,460425;2013
Região Nordeste;Sergipe1,2;508,07598;2014
Região Nordeste;Sergipe1,2;556,951966;2015
Região Nordeste;Sergipe1,2;571,110041;2016
Região Nordeste;Sergipe1,2;562,466319;2017
Região Nordeste;Sergipe1,2;488,810782;2018
Região Nordeste;Sergipe1,2;156,613926;2019
Região Nordeste;Sergipe1,2;294,032817;2020
Região Nordeste;Sergipe1,2;1430,987911;2021
Região Nordeste;Bahia1, 2;2200;2012
Região Nordeste;Bahia1, 2;2394,940962;2013
Região Nordeste;Bahia1, 2;2290,740369;2014
Região Nordeste;Bahia1, 2;2270,177454;2015
Região Nordeste;Bahia1, 2;2336,724399;2016
Região Nordeste;Bahia1, 2;2355,861818;2017
Região Nordeste;Bahia1, 2;2367,211937;2018
Região Nordeste;Bahia1, 2;1832,513735;2019
Região Nordeste;Bahia1, 2;1513,787607;2020
Região Nordeste;Bahia1, 2;1666,120147;2021
Região Sudeste;Minas Gerais;1318;2012
Região Sudeste;Minas Gerais;1480,471376;2013
Região Sudeste;Minas Gerais;1527,794254;2014
Região Sudeste;Minas Gerais;1401,825317;2015
Região Sudeste;Minas Gerais;1305,284913;2016
Região Sudeste;Minas Gerais;1272,94499;2017
Região Sudeste;Minas Gerais;1093,655707;2018
Região Sudeste;Minas Gerais;1127,336953;2019
Região Sudeste;Minas Gerais;1076,292529;2020
Região Sudeste;Minas Gerais;1372,281643;2021
Região Sudeste;Espírito Santo;1101;2012
Região Sudeste;Espírito Santo;1107,054295;2013
Região Sudeste;Espírito Santo;1294,513364;2014
Região Sudeste;Espírito Santo;1207,170013;2015
Região Sudeste;Espírito Santo;959,815983;2016
Região Sudeste;Espírito Santo;990,892499;2017
Região Sudeste;Espírito Santo;996,963344;2018
Região Sudeste;Espírito Santo;911,372772;2019
Região Sudeste;Espírito Santo;843,522055;2020
Região Sudeste;Espírito Santo;990,591611;2021
Região Sudeste;Rio de Janeiro1;5750;2012
Região Sudeste;Rio de Janeiro1;7657,321778;2013
Região Sudeste;Rio de Janeiro1;9627,339206;2014
Região Sudeste;Rio de Janeiro1;9567,012413;2015
Região Sudeste;Rio de Janeiro1;8084,971882;2016
Região Sudeste;Rio de Janeiro1;8330,684968;2017
Região Sudeste;Rio de Janeiro1;8017,720454;2018
Região Sudeste;Rio de Janeiro1;7630,874231;2019
Região Sudeste;Rio de Janeiro1;5464,447965;2020
Região Sudeste;Rio de Janeiro1;8603,600668;2021
Região Sudeste;São Paulo1;6532;2012
Região Sudeste;São Paulo1;6840,109608;2013
Região Sudeste;São Paulo1;6759,002158;2014
Região Sudeste;São Paulo1;6860,721661;2015
Região Sudeste;São Paulo1;5735,48534;2016
Região Sudeste;São Paulo1;5628,053929;2017
Região Sudeste;São Paulo1;5281,001094;2018
Região Sudeste;São Paulo1;5615,624793;2019
Região Sudeste;São Paulo1;5388,052434;2020
Região Sudeste;São Paulo1;6769,776509;2021
Região Sul;Paraná1;809;2012
Região Sul;Paraná1;811,793626;2013
Região Sul;Paraná1;1228,104353;2014
Região Sul;Paraná1;1062,988529;2015
Região Sul;Paraná1;468,824718;2016
Região Sul;Paraná1;449,720239;2017
Região Sul;Paraná1;426,750608;2018
Região Sul;Paraná1;519,675821;2019
Região Sul;Paraná1;569,382321;2020
Região Sul;Paraná1;770,855691;2021
Região Sul;Santa Catarina;679;2012
Região Sul;Santa Catarina;679,027319;2013
Região Sul;Santa Catarina;718,965592;2014
Região Sul;Santa Catarina;635,666625;2015
Região Sul;Santa Catarina;619,868752;2016
Região Sul;Santa Catarina;659,039487;2017
Região Sul;Santa Catarina;711,467351;2018
Região Sul;Santa Catarina;725,482682;2019
Região Sul;Santa Catarina;681,703988;2020
Região Sul;Santa Catarina;811,436101;2021
Região Sul;Rio Grande do Sul1;708;2012
Região Sul;Rio Grande do Sul1;706,268418;2013
Região Sul;Rio Grande do Sul1;716,690754;2014
Região Sul;Rio Grande do Sul1;789,437752;2015
Região Sul;Rio Grande do Sul1;523,637301;2016
Região Sul;Rio Grande do Sul1;531,308689;2017
Região Sul;Rio Grande do Sul1;628,363399;2018
Região Sul;Rio Grande do Sul1;649,03069;2019
Região Sul;Rio Grande do Sul1;578,027204;2020
Região Sul;Rio Grande do Sul1;622,532982;2021
Região Centro-Oeste;Mato Grosso do Sul1;93;2012
Região Centro-Oeste;Mato Grosso do Sul1;656,828959;2013
Região Centro-Oeste;Mato Grosso do Sul1;768,921913;2014
Região Centro-Oeste;Mato Grosso do Sul1;1672,831453;2015
Região Centro-Oeste;Mato Grosso do Sul1;402,176238;2016
Região Centro-Oeste;Mato Grosso do Sul1;525,681926;2017
Região Centro-Oeste;Mato Grosso do Sul1;433,9348914;2018
Região Centro-Oeste;Mato Grosso do Sul1;521,3562638;2019
Região Centro-Oeste;Mato Grosso do Sul1;412,810759;2020
Região Centro-Oeste;Mato Grosso do Sul1;625,508201;2021
Região Centro-Oeste;Mato Grosso1;270;2012
Região Centro-Oeste;Mato Grosso1;306,979628;2013
Região Centro-Oeste;Mato Grosso1;577,369647;2014
Região Centro-Oeste;Mato Grosso1;797,515534;2015
Região Centro-Oeste;Mato Grosso1;28,228964;2016
Região Centro-Oeste;Mato Grosso1;60,867368;2017
Região Centro-Oeste;Mato Grosso1;7,390053;2018
Região Centro-Oeste;Mato Grosso1;10,790272;2019
Região Centro-Oeste;Mato Grosso1;257,425679;2020
Região Centro-Oeste;Mato Grosso1;272,619426;2021
