﻿GRANDES REGIÕES;UNIDADES DA FEDERAÇÃO;VENDAS DE GLP PELAS DISTRIBUIDORAS;ANO
Região Norte ;Rondônia ;85,38;2012
Região Norte ;Rondônia ;87,19300762;2013
Região Norte ;Rondônia ;88,66193297;2014
Região Norte ;Rondônia ;89,74094565;2015
Região Norte ;Rondônia ;91,14174457;2016
Região Norte ;Rondônia ;93,10635265;2017
Região Norte ;Rondônia ;92,30938768;2018
Região Norte ;Rondônia ;91,08765217;2019
Região Norte ;Rondônia ;94,79769203;2020
Região Norte ;Rondônia ;92,76432971;2021
Região Norte ;Acre ;31,86;2012
Região Norte ;Acre ;34,06456815;2013
Região Norte ;Acre ;35,49064855;2014
Região Norte ;Acre ;36,58639674;2015
Região Norte ;Acre ;36,07149094;2016
Região Norte ;Acre ;36,88582749;2017
Região Norte ;Acre ;36,78902355;2018
Região Norte ;Acre ;36,85010326;2019
Região Norte ;Acre ;38,56384058;2020
Região Norte ;Acre ;37,48254529;2021
Região Norte ;Amazonas ;191,57;2012
Região Norte ;Amazonas ;194,2846036;2013
Região Norte ;Amazonas ;197,1097989;2014
Região Norte ;Amazonas ;181,003471;2015
Região Norte ;Amazonas ;173,1906612;2016
Região Norte ;Amazonas ;177,0431572;2017
Região Norte ;Amazonas ;176,0756051;2018
Região Norte ;Amazonas ;175,7585018;2019
Região Norte ;Amazonas ;184,5497536;2020
Região Norte ;Amazonas ;181,0489638;2021
Região Norte ;Roraima ;19,7;2012
Região Norte ;Roraima ;20,31618855;2013
Região Norte ;Roraima ;21,16176087;2014
Região Norte ;Roraima ;21,6681558;2015
Região Norte ;Roraima ;22,37427355;2016
Região Norte ;Roraima ;23,25869818;2017
Região Norte ;Roraima ;24,90448551;2018
Região Norte ;Roraima ;25,31292935;2019
Região Norte ;Roraima ;27,15878623;2020
Região Norte ;Roraima ;28,29740036;2021
Região Norte ;Pará ;336,81;2012
Região Norte ;Pará ;356,7226908;2013
Região Norte ;Pará ;381,9469837;2014
Região Norte ;Pará ;381,9483043;2015
Região Norte ;Pará ;377,5763388;2016
Região Norte ;Pará ;377,5423064;2017
Região Norte ;Pará ;374,7873804;2018
Região Norte ;Pará ;373,2165616;2019
Região Norte ;Pará ;395,6782156;2020
Região Norte ;Pará ;394,5217844;2021
Região Norte ;Amapá ;28,65;2012
Região Norte ;Amapá ;29,72751487;2013
Região Norte ;Amapá ;30,82621196;2014
Região Norte ;Amapá ;30,67337862;2015
Região Norte ;Amapá ;30,18019203;2016
Região Norte ;Amapá ;30,38576504;2017
Região Norte ;Amapá ;31,0677192;2018
Região Norte ;Amapá ;31,70176993;2019
Região Norte ;Amapá ;33,99771014;2020
Região Norte ;Amapá ;32,92908877;2021
Região Norte ;Tocantins ;75,02;2012
Região Norte ;Tocantins ;77,92538691;2013
Região Norte ;Tocantins ;81,53136775;2014
Região Norte ;Tocantins ;80,53537681;2015
Região Norte ;Tocantins ;77,42788406;2016
Região Norte ;Tocantins ;78,6283646;2017
Região Norte ;Tocantins ;78,67078623;2018
Região Norte ;Tocantins ;80,02117391;2019
Região Norte ;Tocantins ;82,75157609;2020
Região Norte ;Tocantins ;82,72228442;2021
Região Nordeste ;Maranhão ;246,8;2012
Região Nordeste ;Maranhão ;273,2659042;2013
Região Nordeste ;Maranhão ;281,0742409;2014
Região Nordeste ;Maranhão ;278,0093406;2015
Região Nordeste ;Maranhão ;276,3479873;2016
Região Nordeste ;Maranhão ;282,2867802;2017
Região Nordeste ;Maranhão ;284,6680634;2018
Região Nordeste ;Maranhão ;288,8321993;2019
Região Nordeste ;Maranhão ;310,5906449;2020
Região Nordeste ;Maranhão ;305,0545471;2021
Região Nordeste ;Piauí ;145,24;2012
Região Nordeste ;Piauí ;152,0390147;2013
Região Nordeste ;Piauí ;163,4332536;2014
Região Nordeste ;Piauí ;165,0337844;2015
Região Nordeste ;Piauí ;165,4793786;2016
Região Nordeste ;Piauí ;167,6269855;2017
Região Nordeste ;Piauí ;167,2537319;2018
Região Nordeste ;Piauí ;170,098962;2019
Região Nordeste ;Piauí ;176,7367065;2020
Região Nordeste ;Piauí ;169,500067;2021
Região Nordeste ;Ceará ;449,77;2012
Região Nordeste ;Ceará ;463,5780095;2013
Região Nordeste ;Ceará ;485,4968659;2014
Região Nordeste ;Ceará ;489,9749112;2015
Região Nordeste ;Ceará ;543,8017011;2016
Região Nordeste ;Ceará ;532,2724295;2017
Região Nordeste ;Ceará ;515,1106993;2018
Região Nordeste ;Ceará ;510,7778297;2019
Região Nordeste ;Ceará ;529,7063913;2020
Região Nordeste ;Ceará ;512,792913;2021
Região Nordeste ;Rio Grande do Norte ;196,85;2012
Região Nordeste ;Rio Grande do Norte ;198,2820292;2013
Região Nordeste ;Rio Grande do Norte ;202,8957029;2014
Região Nordeste ;Rio Grande do Norte ;202,3524783;2015
Região Nordeste ;Rio Grande do Norte ;202,7822609;2016
Região Nordeste ;Rio Grande do Norte ;205,1102397;2017
Região Nordeste ;Rio Grande do Norte ;207,7589783;2018
Região Nordeste ;Rio Grande do Norte ;207,9445598;2019
Região Nordeste ;Rio Grande do Norte ;216,9952663;2020
Região Nordeste ;Rio Grande do Norte ;205,1192645;2021
Região Nordeste ;Paraíba ;223,24;2012
Região Nordeste ;Paraíba ;229,5662874;2013
Região Nordeste ;Paraíba ;241,9730616;2014
Região Nordeste ;Paraíba ;242,7656812;2015
Região Nordeste ;Paraíba ;242,8725906;2016
Região Nordeste ;Paraíba ;249,0927196;2017
Região Nordeste ;Paraíba ;240,0522808;2018
Região Nordeste ;Paraíba ;244,5966486;2019
Região Nordeste ;Paraíba ;254,7719022;2020
Região Nordeste ;Paraíba ;244,1742174;2021
Região Nordeste ;Pernambuco ;548,85;2012
Região Nordeste ;Pernambuco ;561,7495674;2013
Região Nordeste ;Pernambuco ;584,9745435;2014
Região Nordeste ;Pernambuco ;568,0132283;2015
Região Nordeste ;Pernambuco ;562,9186395;2016
Região Nordeste ;Pernambuco ;574,064401;2017
Região Nordeste ;Pernambuco ;568,998029;2018
Região Nordeste ;Pernambuco ;565,7041612;2019
Região Nordeste ;Pernambuco ;567,840375;2020
Região Nordeste ;Pernambuco ;548,1510091;2021
Região Nordeste ;Alagoas ;165,99;2012
Região Nordeste ;Alagoas ;166,829905;2013
Região Nordeste ;Alagoas ;173,5317518;2014
Região Nordeste ;Alagoas ;170,4618134;2015
Região Nordeste ;Alagoas ;170,680221;2016
Região Nordeste ;Alagoas ;174,1955156;2017
Região Nordeste ;Alagoas ;172,1928333;2018
Região Nordeste ;Alagoas ;173,2823098;2019
Região Nordeste ;Alagoas ;185,768212;2020
Região Nordeste ;Alagoas ;177,7782373;2021
Região Nordeste ;Sergipe ;122,18;2012
Região Nordeste ;Sergipe ;125,5353998;2013
Região Nordeste ;Sergipe ;140,2167446;2014
Região Nordeste ;Sergipe ;129,1205018;2015
Região Nordeste ;Sergipe ;129,5472717;2016
Região Nordeste ;Sergipe ;129,4050243;2017
Região Nordeste ;Sergipe ;126,8240924;2018
Região Nordeste ;Sergipe ;124,4962591;2019
Região Nordeste ;Sergipe ;128,9886304;2020
Região Nordeste ;Sergipe ;124,5049293;2021
Região Nordeste ;Bahia ;852,2;2012
Região Nordeste ;Bahia ;867,3251906;2013
Região Nordeste ;Bahia ;914,9685598;2014
Região Nordeste ;Bahia ;889,6559601;2015
Região Nordeste ;Bahia ;884,3631721;2016
Região Nordeste ;Bahia ;901,8743773;2017
Região Nordeste ;Bahia ;906,7926449;2018
Região Nordeste ;Bahia ;918,1394402;2019
Região Nordeste ;Bahia ;977,9159348;2020
Região Nordeste ;Bahia ;958,385712;2021
Região Sudeste ;Minas Gerais ;1349,62;2012
Região Sudeste ;Minas Gerais ;1363,392354;2013
Região Sudeste ;Minas Gerais ;1375,174801;2014
Região Sudeste ;Minas Gerais ;1382,360998;2015
Região Sudeste ;Minas Gerais ;1433,585734;2016
Região Sudeste ;Minas Gerais ;1376,406236;2017
Região Sudeste ;Minas Gerais ;1329,72648;2018
Região Sudeste ;Minas Gerais ;1306,610422;2019
Região Sudeste ;Minas Gerais ;1318,117464;2020
Região Sudeste ;Minas Gerais ;1268,56313;2021
Região Sudeste ;Espírito Santo ;249,43;2012
Região Sudeste ;Espírito Santo ;254,7250707;2013
Região Sudeste ;Espírito Santo ;259,6963025;2014
Região Sudeste ;Espírito Santo ;257,4108931;2015
Região Sudeste ;Espírito Santo ;256,2954185;2016
Região Sudeste ;Espírito Santo ;292,6056599;2017
Região Sudeste ;Espírito Santo ;270,2907917;2018
Região Sudeste ;Espírito Santo ;262,8928243;2019
Região Sudeste ;Espírito Santo ;274,9098098;2020
Região Sudeste ;Espírito Santo ;273,6500181;2021
Região Sudeste ;Rio de Janeiro ;1007,5;2012
Região Sudeste ;Rio de Janeiro ;1004,88456;2013
Região Sudeste ;Rio de Janeiro ;1013,7706;2014
Região Sudeste ;Rio de Janeiro ;995,8027428;2015
Região Sudeste ;Rio de Janeiro ;1005,056438;2016
Região Sudeste ;Rio de Janeiro ;1008,900533;2017
Região Sudeste ;Rio de Janeiro ;1003,182417;2018
Região Sudeste ;Rio de Janeiro ;990,6305072;2019
Região Sudeste ;Rio de Janeiro ;1012,234418;2020
Região Sudeste ;Rio de Janeiro ;1014,608886;2021
Região Sudeste ;São Paulo ;3344,62;2012
Região Sudeste ;São Paulo ;3420,661076;2013
Região Sudeste ;São Paulo ;3365,529498;2014
Região Sudeste ;São Paulo ;3248,189692;2015
Região Sudeste ;São Paulo ;3251,206547;2016
Região Sudeste ;São Paulo ;3211,767779;2017
Região Sudeste ;São Paulo ;3199,939908;2018
Região Sudeste ;São Paulo ;3180,353274;2019
Região Sudeste ;São Paulo ;3253,07163;2020
Região Sudeste ;São Paulo ;3260,801625;2021
Região Sul ;Paraná ;888,64;2012
Região Sul ;Paraná ;929,5342818;2013
Região Sul ;Paraná ;924,9758913;2014
Região Sul ;Paraná ;924,9683225;2015
Região Sul ;Paraná ;948,1862591;2016
Região Sul ;Paraná ;940,8245132;2017
Região Sul ;Paraná ;942,8782228;2018
Região Sul ;Paraná ;948,3283496;2019
Região Sul ;Paraná ;976,2108786;2020
Região Sul ;Paraná ;989,2617826;2021
Região Sul ;Santa Catarina ;496,17;2012
Região Sul ;Santa Catarina ;521,243418;2013
Região Sul ;Santa Catarina ;522,90425;2014
Região Sul ;Santa Catarina ;534,0191866;2015
Região Sul ;Santa Catarina ;557,0392844;2016
Região Sul ;Santa Catarina ;553,866998;2017
Região Sul ;Santa Catarina ;549,3050181;2018
Região Sul ;Santa Catarina ;548,8660308;2019
Região Sul ;Santa Catarina ;566,0355851;2020
Região Sul ;Santa Catarina ;562,2648098;2021
Região Sul ;Rio Grande do Sul ;829,34;2012
Região Sul ;Rio Grande do Sul ;869,0153171;2013
Região Sul ;Rio Grande do Sul ;858,5078949;2014
Região Sul ;Rio Grande do Sul ;849,3128678;2015
Região Sul ;Rio Grande do Sul ;860,136163;2016
Região Sul ;Rio Grande do Sul ;836,9071785;2017
Região Sul ;Rio Grande do Sul ;825,4685326;2018
Região Sul ;Rio Grande do Sul ;813,8869837;2019
Região Sul ;Rio Grande do Sul ;821,878904;2020
Região Sul ;Rio Grande do Sul ;829,0317609;2021
Região Centro-Oeste ;Mato Grosso do Sul ;160,5;2012
Região Centro-Oeste ;Mato Grosso do Sul ;165,0710368;2013
Região Centro-Oeste ;Mato Grosso do Sul ;174,7606993;2014
Região Centro-Oeste ;Mato Grosso do Sul ;175,402817;2015
Região Centro-Oeste ;Mato Grosso do Sul ;177,0407609;2016
Região Centro-Oeste ;Mato Grosso do Sul ;172,1647277;2017
Região Centro-Oeste ;Mato Grosso do Sul ;177,3204112;2018
Região Centro-Oeste ;Mato Grosso do Sul ;178,2385217;2019
Região Centro-Oeste ;Mato Grosso do Sul ;183,395712;2020
Região Centro-Oeste ;Mato Grosso do Sul ;182,0833641;2021
Região Centro-Oeste ;Mato Grosso ;194,42;2012
Região Centro-Oeste ;Mato Grosso ;200,7467055;2013
Região Centro-Oeste ;Mato Grosso ;207,9278569;2014
Região Centro-Oeste ;Mato Grosso ;212,4858533;2015
Região Centro-Oeste ;Mato Grosso ;214,4516522;2016
Região Centro-Oeste ;Mato Grosso ;219,793426;2017
Região Centro-Oeste ;Mato Grosso ;220,0268714;2018
Região Centro-Oeste ;Mato Grosso ;222,8078496;2019
Região Centro-Oeste ;Mato Grosso ;229,4417138;2020
Região Centro-Oeste ;Mato Grosso ;234,219942;2021
Região Centro-Oeste ;Goiás ;513,32;2012
Região Centro-Oeste ;Goiás ;530,6907;2013
Região Centro-Oeste ;Goiás ;534,4025743;2014
Região Centro-Oeste ;Goiás ;535,7993134;2015
Região Centro-Oeste ;Goiás ;532,6048025;2016
Região Centro-Oeste ;Goiás ;553,5332498;2017
Região Centro-Oeste ;Goiás ;555,784808;2018
Região Centro-Oeste ;Goiás ;561,4902138;2019
Região Centro-Oeste ;Goiás ;588,2441757;2020
Região Centro-Oeste ;Goiás ;575,0218261;2021
Região Centro-Oeste ;Distrito Federal ;172,83;2012
Região Centro-Oeste ;Distrito Federal ;178,1142679;2013
Região Centro-Oeste ;Distrito Federal ;181,0186431;2014
Região Centro-Oeste ;Distrito Federal ;175,830663;2015
Região Centro-Oeste ;Distrito Federal ;175,2457772;2016
Região Centro-Oeste ;Distrito Federal ;189,1971511;2017
Região Centro-Oeste ;Distrito Federal ;178,7069674;2018
Região Centro-Oeste ;Distrito Federal ;176,9920707;2019
Região Centro-Oeste ;Distrito Federal ;176,4465453;2020
Região Centro-Oeste ;Distrito Federal ;174,0026576;2021
