﻿GRANDES REGIÕES;UNIDADES DA FEDERAÇÃO;PREÇO MÉDIO1 DO GNV AO CONSUMIDOR;ANO
Região Norte;Rondônia;0;2012
Região Norte;Rondônia;3,4345;2019
Região Norte;Rondônia;4,59;2021
Região Norte;Acre;0;2012
Região Norte;Amazonas;1,776;2012
Região Norte;Amazonas;1,955833333;2013
Região Norte;Amazonas;2,11225;2014
Região Norte;Amazonas;2,337333333;2015
Região Norte;Amazonas;2,774818182;2016
Região Norte;Amazonas;2,858416667;2017
Região Norte;Amazonas;3,120333333;2018
Região Norte;Amazonas;3,17;2019
Região Norte;Amazonas;3,321818182;2020
Região Norte;Amazonas;3,8425;2021
Região Norte;Roraima;0;2012
Região Norte;Pará;0;2012
Região Norte;Pará;2;2015
Região Norte;Pará;4,559;2019
Região Norte;Pará;4,342333333;2020
Região Norte;Amapá;0;2012
Região Norte;Amapá;3,05925;2016
Região Norte;Tocantins;0;2012
Região Norte;Tocantins;3,049;2016
Região Norte;Tocantins;3,48;2018
Região Norte;Tocantins;3,499;2019
Região Norte;Tocantins;3;2020
Região Nordeste;Maranhão;0;2012
Região Nordeste;Maranhão;2,899;2015
Região Nordeste;Maranhão;3,016;2016
Região Nordeste;Maranhão;3,474;2018
Região Nordeste;Maranhão;3,549;2019
Região Nordeste;Maranhão;4,779;2020
Região Nordeste;Maranhão;4,31;2021
Região Nordeste;Piauí;0;2012
Região Nordeste;Piauí;3,014;2017
Região Nordeste;Piauí;3,7445;2018
Região Nordeste;Piauí;3,439;2020
Região Nordeste;Ceará;1,888;2012
Região Nordeste;Ceará;1,884916667;2013
Região Nordeste;Ceará;1,9405;2014
Região Nordeste;Ceará;2,309416667;2015
Região Nordeste;Ceará;2,611666667;2016
Região Nordeste;Ceará;2,758666667;2017
Região Nordeste;Ceará;3,196666667;2018
Região Nordeste;Ceará;3,6075;2019
Região Nordeste;Ceará;3,535636364;2020
Região Nordeste;Ceará;4,209833333;2021
Região Nordeste;Rio Grande do Norte;1,907;2012
Região Nordeste;Rio Grande do Norte;1,908333333;2013
Região Nordeste;Rio Grande do Norte;1,983307692;2014
Região Nordeste;Rio Grande do Norte;2,127;2015
Região Nordeste;Rio Grande do Norte;2,476;2016
Região Nordeste;Rio Grande do Norte;2,627416667;2017
Região Nordeste;Rio Grande do Norte;3,191;2018
Região Nordeste;Rio Grande do Norte;3,571583333;2019
Região Nordeste;Rio Grande do Norte;3,443818182;2020
Região Nordeste;Rio Grande do Norte;4,19075;2021
Região Nordeste;Paraíba;1,767;2012
Região Nordeste;Paraíba;1,81375;2013
Região Nordeste;Paraíba;1,89525;2014
Região Nordeste;Paraíba;2,156;2015
Região Nordeste;Paraíba;2,390583333;2016
Região Nordeste;Paraíba;2,6265;2017
Região Nordeste;Paraíba;3,162;2018
Região Nordeste;Paraíba;3,720416667;2019
Região Nordeste;Paraíba;3,397363636;2020
Região Nordeste;Paraíba;4,002;2021
Região Nordeste;Pernambuco;1,786;2012
Região Nordeste;Pernambuco;1,7265;2013
Região Nordeste;Pernambuco;1,837615385;2014
Região Nordeste;Pernambuco;2,087583333;2015
Região Nordeste;Pernambuco;2,126666667;2016
Região Nordeste;Pernambuco;2,252916667;2017
Região Nordeste;Pernambuco;2,561916667;2018
Região Nordeste;Pernambuco;2,737666667;2019
Região Nordeste;Pernambuco;2,739636364;2020
Região Nordeste;Pernambuco;3,476916667;2021
Região Nordeste;Alagoas;1,848;2012
Região Nordeste;Alagoas;1,956416667;2013
Região Nordeste;Alagoas;1,981083333;2014
Região Nordeste;Alagoas;2,160833333;2015
Região Nordeste;Alagoas;2,322833333;2016
Região Nordeste;Alagoas;2,523583333;2017
Região Nordeste;Alagoas;2,86525;2018
Região Nordeste;Alagoas;3,486833333;2019
Região Nordeste;Alagoas;3,383636364;2020
Região Nordeste;Alagoas;3,97525;2021
Região Nordeste;Sergipe;1,858;2012
Região Nordeste;Sergipe;1,8905;2013
Região Nordeste;Sergipe;1,87975;2014
Região Nordeste;Sergipe;2,08875;2015
Região Nordeste;Sergipe;2,342333333;2016
Região Nordeste;Sergipe;2,578833333;2017
Região Nordeste;Sergipe;3,148416667;2018
Região Nordeste;Sergipe;3,712916667;2019
Região Nordeste;Sergipe;3,2285;2020
Região Nordeste;Sergipe;3,9278;2021
Região Nordeste;Bahia;1,651;2012
Região Nordeste;Bahia;1,752833333;2013
Região Nordeste;Bahia;1,895416667;2014
Região Nordeste;Bahia;2,18125;2015
Região Nordeste;Bahia;2,326666667;2016
Região Nordeste;Bahia;2,30925;2017
Região Nordeste;Bahia;2,688416667;2018
Região Nordeste;Bahia;3,1245;2019
Região Nordeste;Bahia;2,957363636;2020
Região Nordeste;Bahia;3,531;2021
Região Sudeste;Minas Gerais;1,664;2012
Região Sudeste;Minas Gerais;1,827166667;2013
Região Sudeste;Minas Gerais;1,943;2014
Região Sudeste;Minas Gerais;2,124;2015
Região Sudeste;Minas Gerais;2,357166667;2016
Região Sudeste;Minas Gerais;2,56325;2017
Região Sudeste;Minas Gerais;2,9135;2018
Região Sudeste;Minas Gerais;3,452;2019
Região Sudeste;Minas Gerais;3,087454545;2020
Região Sudeste;Minas Gerais;3,925083333;2021
Região Sudeste;Espírito Santo;1,861;2012
Região Sudeste;Espírito Santo;1,898666667;2013
Região Sudeste;Espírito Santo;1,852307692;2014
Região Sudeste;Espírito Santo;1,94275;2015
Região Sudeste;Espírito Santo;2,21625;2016
Região Sudeste;Espírito Santo;2,306166667;2017
Região Sudeste;Espírito Santo;2,7725;2018
Região Sudeste;Espírito Santo;3,258083333;2019
Região Sudeste;Espírito Santo;3,191818182;2020
Região Sudeste;Espírito Santo;3,871833333;2021
Região Sudeste;Rio de Janeiro;1,659;2012
Região Sudeste;Rio de Janeiro;1,67775;2013
Região Sudeste;Rio de Janeiro;1,737916667;2014
Região Sudeste;Rio de Janeiro;1,945916667;2015
Região Sudeste;Rio de Janeiro;2,091416667;2016
Região Sudeste;Rio de Janeiro;2,254333333;2017
Região Sudeste;Rio de Janeiro;2,687166667;2018
Região Sudeste;Rio de Janeiro;3,098416667;2019
Região Sudeste;Rio de Janeiro;3,028;2020
Região Sudeste;Rio de Janeiro;3,745166667;2021
Região Sudeste;São Paulo;1,475;2012
Região Sudeste;São Paulo;1,6565;2013
Região Sudeste;São Paulo;1,772307692;2014
Região Sudeste;São Paulo;1,915666667;2015
Região Sudeste;São Paulo;2,058;2016
Região Sudeste;São Paulo;2,213666667;2017
Região Sudeste;São Paulo;2,335333333;2018
Região Sudeste;São Paulo;2,9605;2019
Região Sudeste;São Paulo;2,927;2020
Região Sudeste;São Paulo;3,398916667;2021
Região Sul;Paraná;1,564;2012
Região Sul;Paraná;1,74025;2013
Região Sul;Paraná;1,919833333;2014
Região Sul;Paraná;2,165083333;2015
Região Sul;Paraná;2,430666667;2016
Região Sul;Paraná;2,51825;2017
Região Sul;Paraná;2,685333333;2018
Região Sul;Paraná;3,105083333;2019
Região Sul;Paraná;3,143181818;2020
Região Sul;Paraná;3,86575;2021
Região Sul;Santa Catarina;1,967;2012
Região Sul;Santa Catarina;2,003166667;2013
Região Sul;Santa Catarina;2,1555;2014
Região Sul;Santa Catarina;2,132166667;2015
Região Sul;Santa Catarina;2,174166667;2016
Região Sul;Santa Catarina;1,965333333;2017
Região Sul;Santa Catarina;2,404;2018
Região Sul;Santa Catarina;2,866083333;2019
Região Sul;Santa Catarina;2,975545455;2020
Região Sul;Santa Catarina;3,964083333;2021
Região Sul;Rio Grande do Sul;1,948;2012
Região Sul;Rio Grande do Sul;2,03375;2013
Região Sul;Rio Grande do Sul;2,200384615;2014
Região Sul;Rio Grande do Sul;2,32475;2015
Região Sul;Rio Grande do Sul;2,659916667;2016
Região Sul;Rio Grande do Sul;2,69825;2017
Região Sul;Rio Grande do Sul;2,965333333;2018
Região Sul;Rio Grande do Sul;3,459;2019
Região Sul;Rio Grande do Sul;3,608181818;2020
Região Sul;Rio Grande do Sul;4,399083333;2021
Região Centro-Oeste;Mato Grosso do Sul;1,922;2012
Região Centro-Oeste;Mato Grosso do Sul;1,98325;2013
Região Centro-Oeste;Mato Grosso do Sul;2,1225;2014
Região Centro-Oeste;Mato Grosso do Sul;2,207583333;2015
Região Centro-Oeste;Mato Grosso do Sul;2,359666667;2016
Região Centro-Oeste;Mato Grosso do Sul;2,384;2017
Região Centro-Oeste;Mato Grosso do Sul;2,6825;2018
Região Centro-Oeste;Mato Grosso do Sul;2,947916667;2019
Região Centro-Oeste;Mato Grosso do Sul;3,325181818;2020
Região Centro-Oeste;Mato Grosso do Sul;4,034583333;2021
Região Centro-Oeste;Mato Grosso;1,852;2012
Região Centro-Oeste;Mato Grosso;1,993916667;2013
Região Centro-Oeste;Mato Grosso;2,208083333;2014
Região Centro-Oeste;Mato Grosso;2,376916667;2015
Região Centro-Oeste;Mato Grosso;2,58;2016
Região Centro-Oeste;Mato Grosso;2,67725;2017
Região Centro-Oeste;Mato Grosso;2,736625;2018
Região Centro-Oeste;Mato Grosso;2,924;2019
Região Centro-Oeste;Mato Grosso;2,846272727;2020
Região Centro-Oeste;Mato Grosso;2,899166667;2021
Região Centro-Oeste;Goiás;2,157;2012
Região Centro-Oeste;Goiás;2,195;2013
Região Centro-Oeste;Goiás;2,314166667;2014
Região Centro-Oeste;Goiás;2,622916667;2015
Região Centro-Oeste;Goiás;2,8068;2016
Região Centro-Oeste;Goiás;3,89;2018
Região Centro-Oeste;Goiás;3,889;2019
Região Centro-Oeste;Goiás;2,43;2020
Região Centro-Oeste;Distrito Federal;0;2012
Região Centro-Oeste;Distrito Federal;3,547;2019
Região Centro-Oeste;Distrito Federal;3,798;2020
Região Centro-Oeste;Distrito Federal;4,849;2021
